"transport","request_id","ms","status","applied","skipped","errors","warnings"
"http","http-create-1","596.174","Success","0","0","0","1"
"http","http-create-2","315.523","Success","0","0","0","1"
"http","http-create-3","327.749","Success","0","0","0","1"
"http","http-create-4","332.515","Success","0","0","0","1"
"http","http-create-5","331.211","Success","0","0","0","1"
"http","http-create-6","333.131","Success","0","0","0","1"
"http","http-create-7","333.321","Success","0","0","0","1"
"http","http-create-8","332.53","Success","0","0","0","1"
"http","http-create-9","334.689","Success","0","0","0","1"
"http","http-create-10","331.476","Success","0","0","0","1"
"named_pipe","pipe-create-1","325.922","Success","0","0","0","1"
"named_pipe","pipe-create-2","2.398","Success","0","0","0","1"
"named_pipe","pipe-create-3","326.302","Success","0","0","0","1"
"named_pipe","pipe-create-4","6.08","Success","0","0","0","1"
"named_pipe","pipe-create-5","326.786","Success","0","0","0","1"
"named_pipe","pipe-create-6","6.066","Success","0","0","0","1"
"named_pipe","pipe-create-7","327.461","Success","0","0","0","1"
"named_pipe","pipe-create-8","6.161","Success","0","0","0","1"
"named_pipe","pipe-create-9","327.655","Success","0","0","0","1"
"named_pipe","pipe-create-10","7.698","Success","0","0","0","1"
